,as.factor(sample_cluster),n,mean,sd,min,Q1,median,Q3,max
Actinotignum_sanguinis.1,1,13,1636,599,970,1168,1633,1749,3195
Actinotignum_sanguinis.2,2,14,25416,47579,2833,3344,6618,12445,149212
Aerococcus_christensenii.1,1,235,23834,27274,2073,9089,15730,26653,212022
Aerococcus_christensenii.2,2,196,9875,11638,1807,4122,6345,9934,97899
Aerococcus_christensenii.3,3,137,54092,71171,4592,15859,31012,63044,459226
Aerococcus_christensenii.4,4,86,15893,13405,2192,6845,11511,19137,65486
Aerococcus_christensenii.5,5,77,27587,54815,1842,4651,11428,30731,451000
Aerococcus_christensenii.6,6,48,20236,17292,4369,8531,13950,24831,84209
Alloprevotella_sp905369775,1,30,11715,17389,885,3292,6997,12307,93080
Alloscardovia_omnicolens,1,25,48571,85162,2876,5145,12745,38206,327572
Alterileibacterium.1,1,10,4863,3663,902,2305,3944,7386,11676
Alterileibacterium.2,2,19,4681,4523,1330,1849,3206,6279,20706
Anaerococcus.1,1,35,9271,11840,1455,2270,4169,7477,40019
Anaerococcus.2,2,30,12402,22453,1160,2262,4498,9100,101741
Anaerococcus.3,3,29,11323,16713,1248,1788,2258,12515,63381
Anaerococcus.4,4,15,7537,8521,1114,2175,3200,9575,27925
Anaerococcus_mediterraneensis.1,1,21,15843,10624,2902,9144,12713,21169,48744
Anaerococcus_mediterraneensis.2,2,21,26909,32543,3167,5978,12534,30405,105504
Anaerococcus_prevotii,1,26,18442,22340,2143,4594,8565,20358,95331
Anaerococcus_sp900258475,1,44,13897,38682,1460,2423,3383,7253,190006
Anaerococcus_tetradius.1,1,220,21469,54067,2991,5894,9655,19286,696890
Anaerococcus_tetradius.2,2,24,23965,25500,4191,9720,17281,26837,107843
Arcanobacterium_sp000758825.1,1,138,19832,35150,1436,4893,9427,17285,257528
Arcanobacterium_sp000758825.2,2,133,2216,1739,868,1320,1780,2357,14346
Atopobacter_sp003664595.1,1,23,1714,696,922,1254,1653,1911,4157
Atopobacter_sp003664595.2,2,22,17495,20371,2255,5566,10090,18796,79470
Atopobium_deltae.1,1,14,26368,45130,1999,3063,10568,31029,172874
Atopobium_deltae.2,2,29,9788,16563,1664,3280,5632,8838,90567
Bacteroides,1,20,72281,232575,894,2545,4905,12015,1045934
Berryella_sp001552935.1,1,649,48928,78251,1029,7889,21506,56342,866536
Berryella_sp001552935.2,2,277,42904,59912,1518,8478,21101,53166,459062
Berryella_sp900604965,1,28,11480,17743,858,1712,3249,8417,63431
Bifidobacterium_bifidum,1,40,121885,381409,1956,3520,5208,14842,1489074
Bifidobacterium_breve.1,1,32,26348,48279,2616,3600,6594,13650,215648
Bifidobacterium_breve.2,2,30,265802,733483,2337,9586,29253,111681,3587648
Bifidobacterium_breve.3,3,20,89649,230361,2080,7742,14886,37288,1003111
Brevibacterium_sp001815905.1,1,14,47805,88961,2818,3628,7149,20920,292790
Brevibacterium_sp001815905.2,2,26,2954,2982,1061,1344,1810,3089,13873
Bulleidia_spNov1.1,1,44,8083,4959,1670,4511,6938,10498,22953
Bulleidia_spNov1.2,2,38,4869,4041,1355,2415,3567,4789,19020
Bulleidia_spNov1.3,3,37,1694,953,976,1156,1430,1777,5686
Bulleidia_spNov1.4,4,34,8916,9911,1297,3614,6155,10302,48415
Bulleidia_spNov1.5,5,32,5483,3937,1684,2543,4306,6976,21606
Bulleidia_spNov1.6,6,30,2174,1082,1078,1540,1900,2396,6800
Bulleidia_spNov1.7,7,26,1633,660,913,1282,1497,1719,4301
Bulleidia_spNov1.8,8,25,1501,452,991,1169,1387,1627,2649
Bulleidia_spNov1.9,9,13,4996,5341,1296,1880,3063,3802,18893
CAJPTP01,1,22,4460,2988,1249,2480,3668,5454,11788
Campylobacter.1,1,12,18145,23720,1557,5177,8840,18144,82892
Campylobacter.2,2,33,7398,8189,1000,2072,4222,10305,32209
Campylobacter_ureolyticus,1,37,11032,16202,2033,3327,5123,8316,72677
Candida_albicans.1,1,37,2520,1350,1281,1510,1814,3087,5779
Candida_albicans.2,2,34,11766,12802,2369,3465,6936,15637,64756
Chlamydia_trachomatis,1,24,5910,6768,953,1724,2810,6047,24018
Corynebacterium.1,1,118,18230,49978,1114,2053,4951,15007,441719
Corynebacterium.2,2,102,6580,9971,1054,2054,3027,5836,60593
Corynebacterium.3,3,61,27132,42969,1268,4322,8505,28885,186238
Corynebacterium_amycolatum,1,56,21177,28737,2219,4428,8348,24329,125581
Corynebacterium_aurimucosum,1,33,25415,32136,3697,7258,12258,29516,140671
Corynebacterium_coyleae,1,29,43470,72231,6350,13701,20566,36109,375286
Corynebacterium_mucifaciens.1,1,20,9419,12494,1503,2794,5830,9955,53821
Corynebacterium_mucifaciens.2,2,20,15999,38660,1193,2253,3790,8352,170259
Corynebacterium_pyruviciproducens.1,1,11,40824,63041,3061,8700,23529,36300,222350
Corynebacterium_pyruviciproducens.2,2,20,8426,4374,3811,5679,6711,10325,17627
Corynebacterium_riegelii.1,1,13,37559,34612,4207,8145,25650,57405,116426
Corynebacterium_riegelii.2,2,39,24020,42648,2729,4126,13744,27410,260652
Corynebacterium_sp001767255.1,1,74,21587,49373,1005,3807,7580,14429,314983
Corynebacterium_sp001767255.2,2,63,4915,9870,1122,1889,2733,3720,64663
Corynebacterium_sp001767255.3,3,24,3830,3173,1241,1745,2675,4273,12609
Corynebacterium_sp001807485.1,1,21,9373,12874,1504,2298,2912,8327,49541
Corynebacterium_sp001807485.2,2,20,30615,59139,1222,2124,5439,13683,191661
Corynebacterium_sp900539985.1,1,13,45003,61595,12669,15795,17300,34860,226761
Corynebacterium_sp900539985.2,2,20,5963,3491,1990,2927,5475,7670,13904
Corynebacterium_spNov1.1,1,70,31562,76224,1608,3986,7321,19041,502852
Corynebacterium_spNov1.2,2,62,3475,4053,931,1469,1869,3496,20205
Corynebacterium_tuscaniense.1,1,27,18018,19626,3260,4937,8892,21706,71705
Corynebacterium_tuscaniense.2,2,17,29993,30524,2846,8488,15261,39278,101667
Corynebacterium_tuscaniense.3,3,14,40541,49685,2597,7901,14180,62512,161363
Cryptobacteroides_spNov1.1,1,15,24204,38699,1055,4180,5246,19298,126393
Cryptobacteroides_spNov1.2,2,232,17867,41869,1033,2615,6698,17746,509269
Cutibacterium_acnes.1,1,46,88564,144420,3815,13091,49026,101115,756397
Cutibacterium_acnes.2,2,27,14079,13005,2658,5658,8178,17427,50148
Cutibacterium_acnes.3,3,27,15519,15647,3940,6172,8952,16306,67584
Cutibacterium_acnes.4,4,13,20484,24317,2990,4416,9922,19577,67313
Dialister_micraerophilus.1,1,173,13097,14884,1757,4658,8546,15839,99681
Dialister_micraerophilus.2,2,134,6524,5345,1608,3148,4871,7387,30252
Dialister_micraerophilus.3,3,124,5201,4678,1790,2837,3777,5946,37452
Dialister_micraerophilus.4,4,50,7968,7959,2177,3467,4912,8976,42346
Dialister_micraerophilus.5,5,50,16945,18921,2643,6513,11281,17343,90942
Dialister_sp001553355.1,1,395,20236,30343,1203,6862,11542,22160,381546
Dialister_sp001553355.2,2,247,94547,141575,2193,25136,53890,103796,1355444
Dialister_sp001553355.3,3,119,14694,32716,1000,2510,7027,14097,326827
Dialister_sp001553355.4,4,107,3466,3105,924,1574,2178,3710,15967
Dialister_sp900541485.1,1,41,15152,25683,1181,3760,6403,12329,142087
Dialister_sp900541485.2,2,38,3940,4652,928,1634,2363,4434,26989
Enterococcus_faecalis.1,1,10,24500,19515,10468,14582,16788,20700,73213
Enterococcus_faecalis.2,2,31,394433,1513037,3372,6919,11619,42621,7640653
Escherichia_coli.1,1,26,164452,599001,5491,7569,36433,66441,3086430
Escherichia_coli.2,2,23,58146,94783,7807,11676,22402,55343,423805
Eubacterium_spNov1.1,1,12,1578,438,1042,1297,1463,1823,2405
Eubacterium_spNov1.2,2,40,19564,32241,1289,3273,5566,20799,172463
Ezakiella_coagulans.1,1,40,3271,4721,985,1368,1670,2523,26093
Ezakiella_coagulans.2,2,39,10801,16289,1074,3558,5801,10236,96564
Fannyhessea_massiliense.1,1,345,11407,15300,1166,3208,6763,12843,144268
Fannyhessea_massiliense.2,2,174,51219,70642,2006,14468,28223,51119,429087
Fannyhessea_massiliense.3,3,92,20943,40836,996,3119,6625,20069,239448
Fannyhessea_spNov3.1,1,164,11082,9613,1716,4664,8488,13367,55196
Fannyhessea_spNov3.2,2,156,52246,73090,4268,15512,28862,58708,726713
Fannyhessea_spNov3.3,3,134,19241,22935,1991,6555,10100,22330,111668
Fannyhessea_spNov3.4,4,132,4237,4555,932,1639,2417,4730,25929
Fannyhessea_spNov3.5,5,47,82190,63682,18979,35893,58344,105897,236990
Fannyhessea_spNov3.6,6,34,29320,26200,2277,10594,22055,39135,117876
Fannyhessea_spNov3.7,7,19,12643,13743,1775,4985,8457,13872,61761
Fannyhessea_spNov3.8,8,16,172274,250255,28987,66013,105117,152844,1081659
Fannyhessea_spNov3.9,9,12,9082,5290,1582,4184,9354,13200,17652
Fannyhessea_vaginae.1,1,366,90727,280750,1185,7546,24304,88193,3471566
Fannyhessea_vaginae.2,2,286,324166,426742,2062,88639,175557,396482,3031801
Fannyhessea_vaginae.3,3,261,51824,93993,1067,7689,16915,44003,761495
Fannyhessea_vaginae.4,4,233,38401,68880,1053,4716,17120,45506,817830
Fenollaria_massiliensis.1,1,38,15608,19267,3105,3752,7092,15204,74492
Fenollaria_massiliensis.2,2,32,41259,92401,2212,4547,11277,32956,518892
Finegoldia_magna.1,1,188,10843,13567,1906,3837,5747,11350,87058
Finegoldia_magna.2,2,84,25944,45771,1889,4276,9427,20261,310352
Finegoldia_magna.3,3,58,29879,65077,1936,3869,5947,12567,329997
Fusobacterium_animalis.1,1,16,14386,46730,1066,1558,2417,3218,189463
Fusobacterium_animalis.2,2,26,34944,116197,1456,3217,7694,20270,600868
Fusobacterium_gonidiaformans,1,20,12352,10267,2063,4787,8928,17674,45289
Gardnerella.1,1,330,65823,78224,3870,19259,40767,88238,898913
Gardnerella.2,2,112,109213,119365,9614,33158,59205,130106,657355
Gardnerella.3,3,84,241613,183911,33879,126075,184285,290083,979232
Gardnerella_leopoldii.1,1,52,38899,31469,7125,21286,31288,44600,205580
Gardnerella_leopoldii.2,2,37,313894,345002,28066,105340,197629,307835,1424268
Gardnerella_leopoldii.3,3,31,56362,58777,7909,18936,32033,70466,265382
Gardnerella_leopoldii.4,4,26,147371,124678,22543,58440,124346,177030,491995
Gardnerella_leopoldii.5,5,16,74229,81245,13958,22490,58351,76113,314688
Gardnerella_leopoldii.6,6,13,91930,69324,11004,38600,75783,131314,223077
Gardnerella_leopoldii.7,7,13,111284,91915,20030,69774,89596,131995,365707
Gardnerella_leopoldii.8,8,12,80035,60160,24968,34728,60516,92319,198827
Gardnerella_leopoldii.9,9,10,58313,33803,16826,30816,53388,79669,125670
Gardnerella_leopoldii.10,10,10,93938,193629,14852,22057,33427,47434,643722
Gardnerella_piotii.1,1,336,243445,404247,1625,34881,84747,238606,2562170
Gardnerella_piotii.2,2,317,114221,334906,1338,9950,26920,73355,3208647
Gardnerella_piotii.3,3,236,111722,231796,1821,13886,37025,114788,2165460
Gardnerella_piotii.4,4,153,31380,59793,1158,3922,9259,31541,502359
Gardnerella_piotii.5,5,85,48059,50064,2149,11050,24203,68643,218857
Gardnerella_sp003585735.1,1,75,171311,336980,1712,12749,40254,110563,1565482
Gardnerella_sp003585735.2,2,59,62197,117427,2141,6267,18450,59932,721085
Gardnerella_sp003585735.3,3,43,97442,120396,2604,15638,50502,102957,458981
Gardnerella_sp003585845.1,1,74,41204,37252,7418,20253,29759,48073,238355
Gardnerella_sp003585845.2,2,65,151455,229692,11522,41617,68147,170999,1463140
Gardnerella_sp003585845.3,3,52,16549,15971,3206,6874,12554,19886,104666
Gardnerella_sp003585845.4,4,26,81803,91909,7392,18656,45893,96707,370127
Gardnerella_sp003585845.5,5,23,202124,178401,6766,48853,201951,289801,579153
Gardnerella_sp003585845.6,6,15,64139,72197,13429,19953,23492,97826,245946
Gardnerella_sp003585845.7,7,13,26641,20117,6402,13647,20686,32019,67914
Gardnerella_sp003585845.8,8,11,73270,130029,2782,5482,12511,75100,436658
Gardnerella_spNov1,1,20,97961,260350,2121,8343,22132,52936,1177519
Gardnerella_spNov2.1,1,19,8243,5635,1719,3985,5973,10415,21153
Gardnerella_spNov2.2,2,64,186123,226422,6526,44213,82488,251263,1173710
Gardnerella_swidsinkii.1,1,316,733507,1066851,13639,171386,369739,946745,8112059
Gardnerella_swidsinkii.2,2,216,66480,159182,1650,6337,17046,43056,1114201
Gardnerella_swidsinkii.3,3,42,166763,196882,15716,63752,102560,161291,876931
Gardnerella_vaginalis.1,1,663,132783,424846,2085,12958,37726,120343,9393466
Gardnerella_vaginalis.2,2,555,282508,532331,1446,21406,82718,289677,4411960
Gardnerella_vaginalis_A.1,1,301,122124,171807,2957,31358,65030,141955,1444894
Gardnerella_vaginalis_A.2,2,219,12690,16458,1130,3938,7598,15115,126779
Gardnerella_vaginalis_A.3,3,75,122415,210946,2965,15783,57654,128535,1424185
Gardnerella_vaginalis_B.1,1,16,144104,221457,3067,17418,67447,170430,906665
Gardnerella_vaginalis_B.2,2,93,47648,60275,1716,16741,30365,46636,327904
Gardnerella_vaginalis_B.3,3,72,11690,12231,1668,3683,6885,14423,58833
Gardnerella_vaginalis_C.1,1,288,234500,429341,1881,40490,96581,218295,3117622
Gardnerella_vaginalis_C.2,2,162,172238,309312,2208,19261,58049,163770,2375740
Gardnerella_vaginalis_C.3,3,157,49526,178443,1427,4027,9713,31810,2092422
Gardnerella_vaginalis_D.1,1,163,191267,218841,4765,39125,110248,248433,1085654
Gardnerella_vaginalis_D.2,2,84,40318,57069,3418,11067,20153,46573,378104
Gardnerella_vaginalis_D.3,3,40,16554,37155,1596,3421,6904,14121,230721
Gardnerella_vaginalis_D.4,4,32,412961,380272,38671,131219,223690,577081,1505075
Gardnerella_vaginalis_D.5,5,26,17699,24708,1719,4861,8701,26202,122725
Gardnerella_vaginalis_E.1,1,54,210173,248809,28066,70036,112720,279394,1417862
Gardnerella_vaginalis_E.2,2,25,219278,352583,21116,55694,92874,167181,1677555
Gardnerella_vaginalis_F.1,1,212,166599,320844,1514,10490,39018,176372,2580179
Gardnerella_vaginalis_F.2,2,94,221889,316577,2114,20951,92669,284287,1956904
Gardnerella_vaginalis_F.3,3,38,101459,148276,3086,11616,39277,109066,714272
Gardnerella_vaginalis_H.1,1,200,328037,768294,3350,69951,148360,340037,9939030
Gardnerella_vaginalis_H.2,2,138,22518,96613,1139,3622,7477,13440,1111382
Gardnerella_vaginalis_H.3,3,128,63863,94998,3167,16911,31631,55046,484362
Gardnerella_vaginalis_H.4,4,33,158761,328408,7551,23502,50422,95223,1707524
Gemella_asaccharolytica.1,1,85,14134,21953,2303,3830,6547,13950,155498
Gemella_asaccharolytica.2,2,78,9796,11027,1962,3427,5080,11705,62857
Gemella_asaccharolytica.3,3,59,11133,14222,1936,3799,5693,11646,72278
Gemella_asaccharolytica.4,4,25,9127,14337,2665,3545,4945,7401,67644
Gemella_asaccharolytica.5,5,24,9193,7355,2163,4130,6983,9761,30376
Gemella_asaccharolytica.6,6,14,18445,20279,2902,5263,10459,25668,71518
Gemella_asaccharolytica.7,7,12,13216,9158,3931,7803,9002,17116,33563
Gemella_asaccharolytica.8,8,11,16929,13254,2428,6261,13714,22155,42574
Gemella_asaccharolytica.9,9,11,7290,7200,2599,4188,5107,6360,28307
Gemella_haemolysans.1,1,17,12983,11270,2487,6005,12055,16101,50737
Gemella_haemolysans.2,2,21,15824,19904,2011,3643,6858,23722,85683
Gleimia_europaea,1,31,10796,32605,895,1465,2343,4402,178819
Gulosibacter,1,22,7217,14212,1012,1575,2173,4956,65673
KA00274_sp001552885.1,1,10,1820,750,1155,1249,1489,2177,3389
KA00274_sp001552885.2,2,49,19553,38872,1812,3132,9205,17102,236207
KA00274_sp902373515.1,1,250,39091,67912,1186,8131,18057,42107,582456
KA00274_sp902373515.2,2,220,119602,170536,2427,27852,58462,118338,1050196
KA00274_sp902373515.3,3,144,54515,108081,1424,7902,16351,50433,909996
KA00274_sp902373515.4,4,91,86388,125936,1783,14313,34076,116999,860615
KA00274_sp902373515.5,5,81,4424,4543,935,1674,2323,4897,23804
Lactobacillus_crispatus.1,1,195,845432,1480378,2834,19690,152672,991613,8893427
Lactobacillus_crispatus.2,2,132,1115895,1464683,3677,146756,411736,1497679,6146296
Lactobacillus_crispatus.3,3,117,2066202,1738479,42444,687239,1648502,3100829,7517931
Lactobacillus_crispatus.4,4,75,932848,1306924,3844,70360,441651,1204955,5973697
Lactobacillus_crispatus.5,5,68,879007,1465263,3431,12409,178352,1214204,7953813
Lactobacillus_crispatus.6,6,66,1972073,1829505,18892,730657,1445434,2842069,11557405
Lactobacillus_crispatus.7,7,54,723153,1180618,6234,23428,124369,974758,4804968
Lactobacillus_crispatus.8,8,49,1939472,1594674,78801,599505,1418055,2506413,6285114
Lactobacillus_crispatus.9,9,46,10096,12645,2095,2777,4691,9662,56876
Lactobacillus_crispatus.10,10,29,491125,740349,3078,19437,110454,390799,2401233
Lactobacillus_gasseri.1,1,172,125706,332016,2382,7562,20306,61867,2438581
Lactobacillus_gasseri.2,2,67,342293,666231,2400,17645,118353,391439,4292734
Lactobacillus_iners.1,1,374,317225,543736,3411,65752,133213,349727,5212963
Lactobacillus_iners.2,2,369,360999,494341,3312,57720,157970,440754,3249163
Lactobacillus_iners.3,3,260,61680,140276,1455,6345,17041,53734,1008124
Lactobacillus_iners.4,4,249,458221,830942,3228,82792,184872,489893,8406899
Lactobacillus_iners.5,5,237,19483,35390,1744,4489,10547,21389,414683
Lactobacillus_iners.6,6,178,492002,577454,5044,121456,313576,628082,3973916
Lactobacillus_iners.7,7,98,451528,497013,9701,77759,289789,574115,2544478
Lactobacillus_iners.8,8,42,932779,1711695,30325,213099,397071,907850,10162470
Lactobacillus_jensenii.1,1,102,100198,188405,1871,11631,29848,110016,1327406
Lactobacillus_jensenii.2,2,83,241583,826964,3185,17404,45141,159623,7245237
Lactobacillus_jensenii.3,3,51,290782,629144,1558,11888,37128,353925,4094342
Lactobacillus_jensenii.4,4,48,330393,625757,8143,32665,43718,189581,2648848
Lactobacillus_jensenii.5,5,35,354420,901797,2198,17740,45484,170338,3839204
Lactobacillus_jensenii.6,6,27,67607,99481,1975,11593,26542,91651,382033
Lactobacillus_jensenii.7,7,19,351615,871168,4836,11833,82382,247237,3849494
Lactobacillus_jensenii.8,8,14,93224,110320,2831,6149,49182,150076,311041
Lactobacillus_mulieris.1,1,160,149899,472919,1055,3564,16667,83786,4549462
Lactobacillus_mulieris.2,2,56,16288,24510,958,2841,7113,16117,139815
Lactobacillus_mulieris.3,3,37,159150,358760,1362,17388,42519,179474,2110601
Lactobacillus_paragasseri.1,1,33,298973,661547,1236,4530,40549,259725,3474845
Lactobacillus_paragasseri.2,2,27,67577,127141,1278,6672,25155,47555,484475
Lactobacillus_paragasseri.3,3,16,290511,432581,1327,4275,81035,482067,1647217
Lawsonella_clevelandensis,1,35,16718,37216,1494,2780,5119,10831,176474
Levyella_massiliensis.1,1,13,15366,13972,2313,4609,8251,26488,43450
Levyella_massiliensis.2,2,19,7765,5544,2482,2880,5839,11555,19524
Limosilactobacillus,1,37,5956,9294,884,1728,2909,5564,52057
Limosilactobacillus_coleohominis.1,1,165,15399,31765,967,3301,6198,16357,293954
Limosilactobacillus_coleohominis.2,2,39,8814,11651,989,1855,4660,10329,62246
Limosilactobacillus_coleohominis.3,3,24,11351,14922,1397,2832,6814,10457,57578
Limosilactobacillus_fermentum,1,29,25200,32875,976,2444,6246,55312,91231
Limosilactobacillus_portuensis.1,1,120,59527,115021,2424,14910,23893,56962,870023
Limosilactobacillus_portuensis.2,2,101,9502,20469,1068,1965,3927,8486,155992
Limosilactobacillus_portuensis.3,3,99,26368,34037,1002,4689,14942,35689,184923
Limosilactobacillus_portuensis.4,4,44,19230,41216,2848,5680,11835,16154,278769
Limosilactobacillus_portuensis.5,5,44,14049,27946,1586,3175,4572,11045,171738
Limosilactobacillus_portuensis.6,6,31,11486,12983,1115,2885,5513,16458,47208
Limosilactobacillus_portuensis.7,7,28,8907,7850,1149,2660,7169,10803,31410
Limosilactobacillus_portuensis.8,8,10,12595,11483,1053,3039,10008,19330,35873
Limosilactobacillus_urinaemulieris.1,1,16,19865,32726,1606,2893,9786,19175,134889
Limosilactobacillus_urinaemulieris.2,2,27,31128,85376,1417,4397,8489,18577,446703
Limosilactobacillus_vaginalis.1,1,82,33832,153757,956,3195,8008,17861,1388119
Limosilactobacillus_vaginalis.2,2,23,33314,38516,3990,13201,23263,38915,181675
Mageeibacillus_indolicus.1,1,98,13829,23943,2152,5010,8917,13257,216491
Mageeibacillus_indolicus.2,2,67,24703,15695,7091,13653,19920,30226,89139
Mageeibacillus_indolicus.3,3,43,29085,40441,4127,8880,18863,27417,243325
Mageeibacillus_indolicus.4,4,38,139815,191922,5133,40421,95523,151265,1109715
Mageeibacillus_indolicus.5,5,33,48326,73918,2085,7380,11938,35644,254425
Mageeibacillus_indolicus.6,6,32,7560,5970,2199,3448,4707,9435,23657
Mageeibacillus_indolicus.7,7,20,35298,90623,4367,7136,11957,21131,417164
Mageeibacillus_indolicus.8,8,18,24053,15244,3575,12459,20821,36672,55630
Mageeibacillus_indolicus.9,9,16,12113,9209,2736,6223,10697,14145,41944
Mageeibacillus_indolicus.10,10,15,19153,16335,3083,6201,13895,29614,58345
Malacoplasma_girerdii.1,1,10,35256,58259,2482,5903,10932,17001,179046
Malacoplasma_girerdii.2,2,13,268377,333411,4942,31925,156168,374848,1169729
Megasphaera_hutchinsoni.1,1,171,85958,115622,4167,22687,46033,93832,943225
Megasphaera_hutchinsoni.2,2,75,42931,45421,1610,11496,25024,61342,234456
Megasphaera_hutchinsoni.3,3,67,11503,18903,1653,3413,6028,12481,119846
Megasphaera_hutchinsoni.4,4,42,2558,2819,919,1293,1751,2354,17513
Megasphaera_lornae.1,1,428,122699,160711,5639,39532,82676,151271,2024495
Megasphaera_lornae.2,2,124,20698,26397,1435,7360,11381,23042,190900
Megasphaera_lornae.3,3,119,183426,204130,14652,68484,126662,216556,1437744
Megasphaera_lornae.4,4,112,133265,152905,5085,38559,88250,198683,1303826
Megasphaera_lornae.5,5,74,11463,26116,1033,2971,4293,5704,166806
Metamycoplasma_hominis.1,1,36,36945,71131,3174,8435,14916,24791,379564
Metamycoplasma_hominis.2,2,30,25051,36456,3208,6257,13124,23686,189302
Metamycoplasma_hominis.3,3,30,9003,5367,2877,5078,7083,11458,24621
Metamycoplasma_hominis.4,4,24,20452,26334,3621,6438,8846,27055,124628
Mobiluncus_curtisii.1,1,146,26029,39159,1822,5574,11179,28562,276234
Mobiluncus_curtisii.2,2,53,79494,267429,2124,5235,15091,57700,1884283
Mobiluncus_curtisii.3,3,24,20057,38359,2473,4167,6497,15811,182669
Mobiluncus_curtisii.4,4,21,8623,8102,1803,3941,5393,9001,29086
Mobiluncus_mulieris.1,1,12,54107,50954,4410,17161,34389,95186,167338
Mobiluncus_mulieris.2,2,60,252078,804782,3611,23139,47431,155497,5942980
Mobiluncus_mulieris.3,3,45,352868,840145,2214,15573,57402,123449,4366351
Mobiluncus_mulieris.4,4,41,68413,85190,4398,11403,26286,122975,312157
Mobiluncus_mulieris.5,5,39,432237,627469,6661,60566,166170,509440,2996126
Mobiluncus_mulieris.6,6,32,72459,120328,2294,10097,19835,96555,617357
Mobiluncus_mulieris.7,7,31,5384,3570,2090,3108,4255,5825,16888
MultiGenera,1,1813,269308,469605,1562,33092,108420,313172,5823642
Nakaseomyces_glabratus,1,21,11693,14802,1362,2782,8195,13447,70195
Nanoperiomorbus_sp004136275.1,1,213,92937,278043,1424,7086,24756,90667,3284244
Nanoperiomorbus_sp004136275.2,2,68,125128,235880,2032,13753,33200,107446,1264066
Nanoperiomorbus_sp004136275.3,3,68,114067,203553,1584,11489,30740,120455,1190214
Olegusella_massiliensis,1,35,11448,15496,1558,3397,5114,9898,71625
Oligella_urethralis,1,23,27244,28874,4038,8915,15506,25223,107142
Parvimonas_sp001552895.1,1,173,27385,35168,1025,5704,13639,35273,205112
Parvimonas_sp001552895.2,2,130,26007,32255,1471,5951,16288,28473,175357
Parvimonas_sp001552895.3,3,93,23188,49944,1614,6567,12155,22300,452541
Parvimonas_sp001552895.4,4,79,4059,8031,981,1529,2266,3728,70836
Parvimonas_sp001552895.5,5,73,9258,7793,1769,4026,6806,11922,40032
Parvimonas_sp001552895.6,6,65,18914,30289,1517,5485,8219,24479,216980
Parvimonas_sp001552895.7,7,54,15311,17538,1687,4798,8712,19337,90260
Parvimonas_sp001552895.8,8,28,28344,28520,1862,7777,21558,43777,138941
Parvimonas_sp001552895.9,9,18,77712,99673,3542,17480,30917,91637,329035
Parvimonas_sp001552895.10,10,17,22115,26746,2375,7086,12494,24203,110352
Pauljensenia_turicensis.1,1,29,22849,35722,1263,4146,9186,22836,165120
Pauljensenia_turicensis.2,2,28,2028,1158,865,1275,1510,2530,4900
Peptococcus_niger.1,1,17,28068,42260,2830,5216,11866,27943,176239
Peptococcus_niger.2,2,21,29430,57741,2466,3535,9081,19683,263315
Peptoniphilus_coxii.1,1,10,39343,86859,2483,4154,11548,21580,285280
Peptoniphilus_coxii.2,2,45,17649,40546,2136,3557,5994,14304,269886
Peptoniphilus_duerdenii,1,38,26173,47908,2934,6973,9290,20893,285887
Peptoniphilus_harei.1,1,157,11735,12771,2167,4293,6437,13675,69460
Peptoniphilus_harei.2,2,47,13922,18344,3116,5305,8716,13653,111920
Peptoniphilus_harei.3,3,25,72482,82756,3117,20525,56857,72376,364835
Peptoniphilus_lacrimalis.1,1,178,19898,27555,2432,5861,9680,21773,184506
Peptoniphilus_lacrimalis.2,2,117,21313,54343,2473,4243,9164,20320,563980
Peptoniphilus_sp000478985.1,1,12,7226,18243,1028,1302,1549,2000,64985
Peptoniphilus_sp000478985.2,2,79,6200,10039,914,1423,2523,5996,59819
Peptoniphilus_sp902363535.1,1,31,2643,2454,1087,1506,1888,2791,14564
Peptoniphilus_sp902363535.2,2,23,19062,36456,1002,1881,7147,23434,173142
Peptoniphilus_vaginalis.1,1,101,9959,11728,1072,2106,4707,13470,51431
Peptoniphilus_vaginalis.2,2,67,9659,14128,990,2683,4719,8913,78732
Peptoniphilus_vaginalis.3,3,49,13517,18228,1335,3217,8521,13852,114293
Peptoniphilus_vaginalis.4,4,38,11337,20847,1108,2838,4503,8089,89625
Peptoniphilus_vaginalis.5,5,24,10452,16976,1587,2437,4845,7205,74322
Peptoniphilus_vaginalis.6,6,24,9546,14075,1081,2257,3817,10467,65827
Peptoniphilus_vaginalis.7,7,19,31364,55203,1361,2783,5484,15473,178376
Peptoniphilus_vaginalis.8,8,18,26042,26209,1282,8844,14502,35984,97169
Peptoniphilus_vaginalis.9,9,18,7520,4643,1028,4012,6362,11501,16318
Peptostreptococcus_anaerobius.1,1,42,10402,10495,2707,4300,6818,11556,46261
Peptostreptococcus_anaerobius.2,2,23,55893,107942,2256,12301,18759,34381,474968
Peptostreptococcus_anaerobius.3,3,23,35302,68825,2441,7131,15743,22406,321813
Peptostreptococcus_anaerobius.4,4,20,31767,32481,3782,13619,25149,31860,141174
Peptostreptococcus_anaerobius.5,5,16,30510,30389,6421,8787,14658,41028,103625
Peptostreptococcus_anaerobius.6,6,15,20975,24044,2647,6228,9901,23550,88504
Peptostreptococcus_anaerobius.7,7,14,20132,23070,2933,4882,8213,24051,77263
Peptostreptococcus_anaerobius.8,8,14,29010,38116,2445,6238,17867,31213,146103
Peptostreptococcus_anaerobius.9,9,13,29200,62727,2674,4507,11152,19301,235915
Peptostreptococcus_anaerobius.10,10,12,7473,5425,2413,3165,5192,12355,16492
Peptostreptococcus_sp000758885.1,1,19,15346,19328,1522,2421,7228,16844,68236
Peptostreptococcus_sp000758885.2,2,54,13556,47034,934,2122,3596,9299,347205
Porphyromonas,1,20,51715,84286,1759,7185,16101,48331,319826
Porphyromonas_asaccharolytica.1,1,35,47262,46856,6322,15377,29205,55711,173146
Porphyromonas_asaccharolytica.2,2,29,70538,149761,2334,8813,21285,74316,790237
Porphyromonas_somerae,1,22,48587,85575,2536,4012,11401,46869,342863
Porphyromonas_sp001552775.1,1,32,34953,116742,1242,3759,5637,21936,666656
Porphyromonas_sp001552775.2,2,31,49190,74115,1684,7108,19208,49218,337199
Porphyromonas_sp001552775.3,3,17,3863,2996,995,1798,3018,4683,12489
Porphyromonas_sp001552775.4,4,16,29007,42542,1531,4042,9625,25433,138705
Porphyromonas_sp001552775.5,5,16,2079,930,966,1401,1881,2433,4432
Porphyromonas_sp001552775.6,6,13,2208,979,1061,1445,1986,2818,3945
Porphyromonas_sp001552775.7,7,10,30934,56788,1445,2683,4304,35710,184600
Porphyromonas_sp001808555.1,1,35,11118,18301,1338,3289,5952,11779,108194
Porphyromonas_sp001808555.2,2,16,2801,5128,955,1202,1345,1743,21892
Porphyromonas_sp001808555.3,3,11,8079,12723,1274,2126,3053,7527,44692
Porphyromonas_spNov1,1,25,14307,30979,1086,1775,2608,4245,114722
Porphyromonas_uenonis.1,1,110,112945,176415,3011,17752,45169,123350,1150510
Porphyromonas_uenonis.2,2,65,22330,67890,2981,5552,8216,13578,521639
Porphyromonas_uenonis.3,3,42,17734,17199,2650,4629,9593,27737,65430
Porphyromonas_uenonis.4,4,26,11982,7573,3293,6371,9103,16661,28938
Prevotella.1,1,357,32558,43146,1729,8940,18974,38850,464466
Prevotella.2,2,239,32730,30457,2792,13122,22144,41997,187461
Prevotella.3,3,82,38064,43288,1061,7697,18285,56912,197546
Prevotella_amnii.1,1,143,101209,125662,4043,26416,59368,133924,1008171
Prevotella_amnii.2,2,126,154548,284260,2788,15043,50125,189462,2274228
Prevotella_amnii.3,3,115,166140,307375,3818,30245,79001,189408,2273358
Prevotella_amnii.4,4,93,75248,136586,3056,11806,32774,71194,828719
Prevotella_amnii.5,5,51,114627,154469,4436,28063,60461,100886,662587
Prevotella_amnii.6,6,43,149207,172241,5708,37970,75299,185611,758488
Prevotella_amnii.7,7,39,83975,79638,4527,24834,54116,128886,292328
Prevotella_bivia.1,1,126,27049,43664,2811,6665,13297,27771,365235
Prevotella_bivia.2,2,90,167970,358735,3791,28148,70979,126998,2418223
Prevotella_bivia.3,3,62,64623,121896,3336,9485,20190,47440,651658
Prevotella_bivia.4,4,29,16043,15485,2539,5376,8590,18407,56430
Prevotella_bivia.5,5,29,23287,31832,3002,5133,9298,30943,140977
Prevotella_bivia.6,6,21,111521,328139,3684,7400,12339,29887,1425050
Prevotella_bivia.7,7,13,92055,132921,4376,12455,28826,56799,364871
Prevotella_colorans.1,1,40,25526,43219,2173,6060,10952,23647,201990
Prevotella_colorans.2,2,35,3300,1748,1185,2196,3017,3575,8768
Prevotella_colorans.3,3,26,7060,7212,1808,3163,5231,6209,33142
Prevotella_colorans.4,4,17,3689,1586,1124,2056,4048,4801,6534
Prevotella_colorans.5,5,10,23101,51560,1438,4110,6961,11125,169394
Prevotella_corporis,1,22,66888,99009,8384,16639,24014,74717,446609
Prevotella_disiens.1,1,81,54584,92533,7968,14780,27257,47925,695156
Prevotella_disiens.2,2,45,114100,186238,8015,18498,33950,135983,934652
Prevotella_melaninogenica,1,82,74753,128742,2756,10056,25511,79162,656212
Prevotella_sp000479005.1,1,89,13634,19372,1196,4152,6854,13529,137457
Prevotella_sp000479005.2,2,88,18508,25714,947,3452,9083,21475,144735
Prevotella_sp000479005.3,3,72,23441,55974,1297,4001,6632,14003,365310
Prevotella_sp000479005.4,4,38,25448,41622,958,4556,9096,34579,224121
Prevotella_sp000479005.5,5,27,5553,5820,1352,2186,3478,5379,26976
Prevotella_sp000758925.1,1,453,69683,127887,943,5481,21313,74240,920446
Prevotella_sp000758925.2,2,135,13174,29936,1196,3338,5491,9933,215815
Prevotella_sp001552765,1,81,17741,37927,893,1913,5366,14926,226731
Prevotella_spNov1.1,1,73,64787,93933,4221,10629,29739,62462,432743
Prevotella_spNov1.2,2,68,78041,222806,3094,12623,26140,65326,1825258
Prevotella_spNov1.3,3,42,4344,7970,877,1908,2891,3917,53438
Prevotella_spNov1.4,4,26,57775,70467,2204,13981,28235,62599,224059
Prevotella_spNov1.5,5,23,119961,158010,4804,20789,55025,147044,627439
Prevotella_spNov1.6,6,22,89507,103217,5827,32658,45535,105277,369080
Prevotella_spNov1.7,7,12,2311,1259,1134,1373,1866,2721,5219
Prevotella_spNov2,1,95,49510,56337,994,10659,31030,66996,261600
Prevotella_spNov3.1,1,239,127031,176620,4123,27961,72406,152230,1611866
Prevotella_spNov3.2,2,207,161151,282886,3194,30202,91144,166940,2642246
Prevotella_spNov3.3,3,97,8050,10510,1093,2046,3677,9054,53173
Prevotella_spNov3.4,4,59,27680,26817,3340,13232,19781,32564,151217
Prevotella_timonensis.1,1,238,45985,74062,4400,13718,24262,49883,800530
Prevotella_timonensis.2,2,86,64225,80684,4707,15813,38694,71605,410520
Prevotella_timonensis.3,3,68,132094,176424,5451,27307,74921,180975,982084
Prevotella_timonensis.4,4,67,26257,25755,4152,8939,16173,32448,129827
Prevotella_timonensis.5,5,62,225928,180078,6358,91283,180938,318022,895454
Prevotella_timonensis.6,6,25,98637,142643,4994,20373,52119,119608,668546
Prevotella_timonensis.7,7,16,106080,78649,12699,38023,75730,159135,280608
Prevotella_timonensis.8,8,14,129628,149865,10046,22896,36302,204924,482709
Prevotella_timonensis.9,9,11,620230,436560,89758,233480,802122,865745,1449305
Propionimicrobium_lymphophilum,1,40,15781,22254,1962,3568,7039,15972,109491
Pseudoglutamicibacter_albus,1,37,24473,43129,2374,4785,8506,20418,212751
Pseudoglutamicibacter_cumminsii,1,24,11895,16671,1283,2945,5597,11787,60244
S5-A14a_sp000758905,1,21,10716,19442,1129,1515,2086,15611,88958
Slackia_exigua,1,25,8486,14323,2304,3170,3922,6347,72978
Sneathia_sanguinegens.1,1,290,20767,33357,1784,4074,9217,23832,295122
Sneathia_sanguinegens.2,2,135,21178,21679,1904,5855,12882,28832,104121
Sneathia_sanguinegens.3,3,46,24012,58802,1593,4925,8811,19048,379778
Sneathia_sanguinegens.4,4,40,34589,50896,2963,9133,15861,45331,269933
Sneathia_sanguinegens.5,5,19,36694,42808,2039,6204,20205,42193,139113
Sneathia_sanguinegens.6,6,19,10762,7744,1894,3759,10030,15281,28835
Sneathia_sanguinegens.7,7,10,23697,19404,2532,6296,24317,30362,58894
Sneathia_vaginalis.1,1,359,30991,65789,1216,5299,10815,25801,678333
Sneathia_vaginalis.2,2,235,104403,185695,950,11959,42185,119850,1586192
Sneathia_vaginalis.3,3,85,3339,3359,1026,1748,2266,3487,22220
Sneathia_vaginalis.4,4,52,82969,172567,1222,3981,20388,70335,1111278
Sodaliphilus_spNov1.1,1,48,97393,183103,4010,16692,29790,67549,846779
Sodaliphilus_spNov1.2,2,27,8085,11105,2200,2621,3920,6776,49722
Sodaliphilus_spNov1.3,3,26,5600,12412,1103,1444,1757,2996,60227
Sodaliphilus_spNov1.4,4,21,5797,6913,1684,2791,3360,5203,29868
Sodaliphilus_spNov1.5,5,18,1769,666,1060,1264,1448,2132,3034
Staphylococcus_aureus,1,22,75498,289792,3021,6545,10077,22262,1372210
Staphylococcus_epidermidis.1,1,29,43051,47804,6047,13158,21224,39330,169365
Staphylococcus_epidermidis.2,2,24,10199,10395,3084,4296,5676,9908,38652
Staphylococcus_haemolyticus,1,23,19647,23630,3335,5515,8972,18413,101053
Stomatobaculum_naviforme,1,25,8821,14183,988,1411,1923,11350,63595
Stomatobaculum_sp002892395.1,1,69,34159,86817,1381,4892,11197,21067,593462
Stomatobaculum_sp002892395.2,2,59,35879,117922,1003,2060,7335,29545,893033
Stomatobaculum_sp002892395.3,3,31,2103,1564,928,1186,1552,2395,7572
Streptococcus.1,1,10,21174,37719,1242,2990,4964,17094,122910
Streptococcus.2,2,35,17636,21115,1411,6635,10555,19796,108827
Streptococcus_agalactiae.1,1,38,69428,156084,2744,7070,18970,90342,945899
Streptococcus_agalactiae.2,2,35,53169,139954,2516,6424,11574,30731,791377
Streptococcus_agalactiae.3,3,32,72360,168605,3149,5260,16872,37162,781531
Streptococcus_anginosus.1,1,12,22394,38258,2706,3703,6127,16681,131482
Streptococcus_anginosus.2,2,104,74221,269828,2203,7833,14913,40323,2031121
Streptococcus_anginosus.3,3,74,22221,40192,2458,4253,7648,16118,196370
Streptococcus_mitis.1,1,74,55189,113176,2556,5837,14366,56793,827073
Streptococcus_mitis.2,2,52,56754,110468,2513,6015,26004,57113,639744
Streptococcus_salivarius,1,23,25544,25720,3606,7128,12823,39124,83523
Sutterella_sp900762445,1,24,5747,9035,932,1657,2891,4795,38995
Sutterella_spNov1.1,1,12,2551,1599,992,1537,2143,2763,6483
Sutterella_spNov1.2,2,18,18285,23899,3611,4888,6928,22314,92371
Trichomonas_vaginalis.1,1,45,16157,14134,2341,6327,10034,22284,59413
Trichomonas_vaginalis.2,2,30,449709,618602,26244,103746,251331,565544,3255783
UBA629_sp005465875.1,1,256,964259,1498282,2650,92344,441560,1145892,14503550
UBA629_sp005465875.2,2,172,9233,39222,1210,1999,2685,4116,392334
UBA629_sp005465875.3,3,151,891110,1413841,4157,71541,359999,947498,9510199
UBA629_sp005465875.4,4,52,178481,436971,1097,2465,6678,80860,2601768
Ureaplasma_parvum.1,1,58,5085,7344,596,1344,2526,5075,36388
Ureaplasma_parvum.2,2,54,3291,2469,623,1453,2285,4220,11718
Ureaplasma_parvum.3,3,50,6215,14670,576,1054,1943,4323,83762
Ureaplasma_parvum.4,4,28,2645,1907,719,1422,1980,3135,8782
Ureaplasma_parvum.5,5,24,5495,11701,917,1141,2340,3967,58313
Ureaplasma_parvum.6,6,22,1798,783,675,1228,1803,2094,3589
Ureaplasma_parvum.7,7,21,1540,1263,639,835,1085,1282,5310
Ureaplasma_urealyticum.1,1,14,4894,3686,965,2396,4026,6115,14998
Ureaplasma_urealyticum.2,2,31,4110,4939,788,1336,2012,4658,20835
Urinicoccus_massiliensis.1,1,14,3062,3727,1056,1384,1911,3110,15665
Urinicoccus_massiliensis.2,2,32,12055,19366,1296,2355,4352,10195,90492
Varibaculum_cambriense.1,1,29,20093,27502,2641,5028,7090,23916,101092
Varibaculum_cambriense.2,2,22,25851,45249,2683,5570,7407,16414,163794
Varibaculum_massiliense,1,36,42203,160498,1052,2618,4396,11299,931259
Veillonella_montpellierensis.1,1,58,22914,45211,1845,4142,8409,24084,321964
Veillonella_montpellierensis.2,2,41,31103,54614,1921,5939,13637,29602,291000
Winkia_neuii.1,1,16,1991,809,1005,1400,1740,2344,3647
Winkia_neuii.2,2,24,11481,13694,2500,3806,6656,11654,58083
Winkia_sp002849225.1,1,32,1812,1099,909,1106,1225,2059,5859
Winkia_sp002849225.2,2,22,7324,13262,1382,2062,3579,7067,65169
